@WaitingForThis3 ; Passar o dia no Castelo de Beja
@WaitingForThis3 ; Bom fim de semana no Castelo de Beja
@aitorehm ; @Sous4 Pero crimen y escÃ¡ndalo local! Hubo un tiempo que todos los diarios lusos tenÃ­an colaboradores en el interior, pero ahora ya quedan pocos, y en la mayorÃ­a de los periÃ³dicos nacionales se cuentan dramas de Lisboa, a veces de Oporto, pero raramente de Braga, Beja, Castelo Branco...
@MiguelCalabria3 ; Castelo de Beja #Portugal Torre de Menagem. #LecturaRecomendada ğŸ‘‡ https://t.co/ChFx9XeJAH
#music ğŸ‘‡ https://t.co/YUlFBRW6rr #viajar #architecture @EliaAbreu1 https://t.co/9nzC53Or9N
@FredericArvers ; â–¶ï¸ CHARLOTTE DE WITTE â–¶ï¸ DOUR FESTIVAL 2020 â–¶ï¸ On CERCLE 
#DancingWordsRecords #CharlotteDeWitte
https://t.co/gsc2uAZArP https://t.co/6ch5smWFaS
@chuy100789 ; Listen to Charlotte de Witte - In The Lab NYC 2020 by AvidMuzikFan on #SoundCloud
https://t.co/9QHldskEsT
@rudxboiii ; @god @God, I would also like Charlotte De Witte to DJ my birthday as well
@CaseSkywalker ; Charlotte de Witte only drops bombs
@hibernlive ; @kike_fedato Charlotte de witte sÃ³ pq vc quer nÃ©? Kkklkkk
Bem dificil
@willcatlinn ; Whyâ€™s charlotte de Witte not been given a Concourse show yet sort it out @WHP_Mcr
@bitchhdabb ; SEXTA TEM CHARLOTTE DE WITTE CARALHO
@Aristurlte_vn ; de verdad, lo que me pasÃ³ el lunes de pensar que Lucas y yo ibamos a ver a Charlotte de Witte fue super estresante
@no_brakes_natsu ; https://t.co/UaTN02VJ9K
@kike_fedato ; BOLÃƒO DO LINEUP DO DGTL 

- Marcel Dettmann b2b Ben Clock
- I Hate Models
- Charlotte de Witte 
- Dixon 
- Kobosil 
- Paula Temple 
- FJAAK
- Zopelar 
- MATRiXXMAN
- Perc
- The Chemical Brothers
@FranDanae ; Charlotte de Witte me tiene en Ã©xtasis ğŸ”¥
@yokoism ; The Tunnel â€” Charlotte de Witte (DJ-set) https://t.co/RDGow1lIgk
@Jaime_Villalba ; Charlotte de Witte thundering techno set in The Lab NYC https://t.co/rh4SgGZHmF
@MarcelViete ; Charlotte de Witte thundering techno set in The Lab NYC https://t.co/7lHu4PR3C6 via @YouTube
@BlogDespabilate ; Charlotte De Witte. Su Carrera como DJ
Charlotte De Witte NaciÃ³ el 21 de junio de 1992 en Evergem,Â BÃ©lgica.Â A https://t.co/iXOMa6jvam
@joelyroller ; Charlotte de Witte thundering techno set in The Lab NYC https://t.co/wjjt3ISmUQ via @YouTube
@Nenee_Brenes ; Cuando serÃ¡ el dÃ­a que Charlotte de witte me salga en Tinder para darle sÃºper like?. ğŸ˜­ @CharlottedWitte
@c024R ; El nuevo video de Mixmag con Charlotte de Witte estÃ¡ explotado
@KeeraMccarroll ; Charlotte de witte actual has the cutest wee face ever a just Wanty squeeze her
@Bernou_22 ; charlotte de witte ou carnaval de Torres ??? AHHHHH ajudem
@JordanSimpson_ ; @darrenmccraw_ @Rhuari_Hunter Heâ€™s claiming heâ€™ll be at Charlotte de witte, time will tell
@CharlottedWitte ; Tbilisi debut ğŸ˜ğŸ˜ https://t.co/ZAg7d2LS5T https://t.co/YFG4K0U2Kh
@staylocall_ ; 999999999, t78, Amelie lens, Charlotte de witte, Nina kraviz, dax j, Reinier Zonneveld https://t.co/5zfefrlxvq
@danny_speck ; Charlotte de Witte thundering techno set in The Lab NYC https://t.co/ZyXmHVtOvr via @YouTube

Just so so so good
@b_a_m_z_i ; Porra ir a charlotte de witte sem pagar melhor notÃ­cia me podiam dar hj ğŸ˜
@AwThatsClass ; Birthday week is gonna be absolutely mental! Charlotte De Witte, Dax J and Bicep all in the same week?? Big time @ShineBelfast
@Kxvhin ; Jâ€™ai ma place pour Charlotte de Witte ğŸ˜ğŸ˜ğŸ˜ @warehousenantes Ã§a va voler
@MaxxSilver1 ; Question - "What are the influences on your music at the moment and for the next album?"

Answer - Depeche Mode, David Sylvian, Sisters of Mercy, Goldfrapp, Curve, Prodigy, John Foxx, Dead Can Dance, Fatboy Slim, Charlotte de Witte,  Porcupine Tree.

I guess it is a bit darker...
@RyanMortonn_ ; Charlotte de witte and dax j at shine Jesus Christ they know what there are hi
@melizzyucedal ; 14th of February = Charlotte De Witte â¤ï¸ Bae will be in Lisbon ğŸ˜ğŸ’¨
@brian_stuartt ; se sair na lineup amanha da dgtl Amelie lens ou charlotte de witte, papo q eu fujo de casa se n deixarem eu ir
@calovesrhinos ; If anyone sees anyone selling a Charlotte de witte ticket please holla @ yo girl
@fourfourmagazin ; Massive show incoming for The Telegraph Building thanks to @ShineBelfast!

@CharlottedWitte, @DaxJ, DAHRYL and @yasmin_gardezi all come together for the occasion.

https://t.co/P3RBSrKHC9
@AvidMuzikFan ; Charlotte de Witte - In The Lab NYC 2020 https://t.co/7ubfaRLxOy
@cmsvit ; Charlotte de Witte - Closer
@FunsterMixmag ; Had a blast opening the Lab NYC with @DayCart_ before the amazing @CharlottedWitte. 

Played some deeper, tougher stuff which was a treat. Check out the set here: 

https://t.co/UocRG89PM6 https://t.co/XsGdMVJHv4
@s_mmura ; Charlotte de Witte | Tomorrowland Belgium 2018 https://t.co/Pe0ErXCTaI ğŸ˜˜
@PavlenkoPeoner ; Charlotte de Witte thundering techno set in The Lab NYC https://t.co/R8OQdwvyla Ñ Ğ¿Ğ¾Ğ¼Ğ¾Ñ‰ÑŒÑ @YouTube
@whoissantos_ ; @holasoychicoo Charlotte de Witte
@db7seven ; Charlotte de Witte thundering techno set in The Lab NYC https://t.co/hMMy1iBqd5 @YouTubeã•ã‚“ã‹ã‚‰
@yazgitmzz ; onumuzdeki konserler (sirasiyla) Khontkar, no.1, Patrick Watson, Jan Blomqvist, Charlotte de Witte
@HayleyDouglas__ ; selling 1 Charlotte de witte ticket for the 28/02 hmu
@Richie0496 ; Charlotte de Witte live at Time Warp Mannheim 2019 by Time Warp â€”-> been in a @CharlottedWitte k hole since last Friday https://t.co/A5n158mQ9n
@selleaux ; The Tunnel â€” Charlotte de Witte (DJ-set) https://t.co/qY0Tq5qfKu a travÃ©s de @YouTube
@ninhopoo ; Space Raiders - Charlotte de Witte Remix de Eats Everything, Charlotte de Witte https://t.co/BQyEwhupNU #NowPlaying
@_nxgx_ ; ã“ã‚Œå‡„ã„ã‚«ãƒƒã‚³è‰¯ã™ãã‚‹

Charlotte De Witte | Awakenings ADE 2019 https://t.co/7KTkJQxrnP @YouTubeã‚ˆã‚Š
@Karolin11288532 ; @CharlottedWitte CHARLOTTE DE WITTE MIJN MEESTER !! <3
@mmmmm11111hhhh1 ; ã‚»ã‚­ãƒ¥ãƒªãƒ†ã‚£ãŒã‚»ã‚­ãƒ¥ãƒªãƒ†ã‚£ã›ãšã«ãƒãƒªãƒãƒªãªã®ç¬‘ãˆã‚‹ï½—ã€€Charlotte de Witte @ Dour Festival 2017 on Cercle https://t.co/p245CnHQxq via @YouTube
@ASummerStoryOfi ; Si algo no falta en A Summer Story es TECHNO, y Charlotte de Witte se encargarÃ¡ de darnos una buena dosisğŸ˜

ğŸŒhttps://t.co/fUp0kLmJuD
#NoMasGrandeSinoMejor #DondeEmpiezaElVerano #ASummerStory2020 https://t.co/dMAIrXLQYo
@no_brakes_natsu ; Charlotte de Witte thundering techno set in The Lab NYC
https://t.co/WjW4EDQZ9n
ã™ã¾ã—ãŸé¡”ã—ã¦ãªã‚“ã¦éŸ³ãªã®...ğŸ™€â¤ï¸â¤ï¸â¤ï¸
@AngelitoSama ; All I know is Charlotte de Witte needa come back to LA soon
@terstensuperman ; Charlotte de Witte @ The Lab
(B2B with Ã¶ndeki gÃ¶zlÃ¼klÃ¼ dayÄ±)
https://t.co/HgEE2Ao0ma
@Dankslikejane ; Joyhauser, ANNA, pan pot, amok, anna lunoe, anti up, charlotte de witte, spektre, adam beyer, walker & royce, justin jay, camelphat, felix da house cat, and shiba san ğŸ¥µ https://t.co/vR5bRJUXTl
@RuidoMag ; Charlotte de Witte thundering techno set in The LabÂ NYC https://t.co/avFP1FxEzl https://t.co/bSuMhygkBZ
@CreateStudioTW ; Charlotte de Witte thundering techno set in The LabÂ NYC https://t.co/zBjKJis3Sv https://t.co/Kxz5ZDRgT7
@FredericArvers ; CHARLOTTE DE WITTE ~ TOMORROWLAND ~ KNTXT ~ FULL LIVE SET
#CharlottedeWitte #Tommorrowland #DancingWordsRecords
https://t.co/ExXGGo8aSu
 https://t.co/40DQCmetgJ via @YouTube
@brybpe ; Horny gw dengerin beatÂ²nya charlotte de witte ajg.
@A4CLEARFILEmemo ; Charlotte de Witte thundering techno set in The Lab NYC https://t.co/baAlFtVM4P @YouTubeã•ã‚“ã‹ã‚‰
@Bluevertu ; Charlotte de Witte thundering techno set in The Lab NYC https://t.co/VPeRyaqGUy via @YouTube
@faust_412 ; my list of artists i want to see at edclv:

zeds dead
wooli
seven lions
zomboy
liquid stranger
excision
porter robinson
i_o
slander
no mana
ac slater
tchami
flume
alison wonderland
san holo
zhu
rl grime
atliens
btsm 
dion timmer
peekaboo
charlotte de witte
ace aura
what's yours?
@FuturegrooveNET ; Charlotte de Witte in The Lab NY https://t.co/7ZI1A8oqi6 by @FacebookWatch
@_NickMartinez ; EDCLV Dream Lineup
Skrillex, Daft Punk, Martin Garrix, Boris Brejcha, Jauz, Charlotte de Witte, Bassnectar, Dillon Francis, Alison Wonderland B2B Rezz, Illenium B2B Kaskade, 1778-l b2b Blanke B2B Lick, Illenium B2B Flume, Porter Robinson B2B Virtual Self
@Nicolaascook ; Charlotte de Witte thundering techno set in The Lab NYC https://t.co/mz70NQbv4q vÃ­a @YouTube preciosa hermosa criatura del seÃ±or
@mistermerdo ; Charlotte de witte.. Daphne patakia.. Funda eryiÄŸit(sÃ¼rpriz at)

Gurme kadÄ±n avcÄ±larÄ± ÅŸu Ã§arlara look etsin piÅŸman olmaz
@robodachi ; Charlotte de Witte thundering techno set in The Lab NYC https://t.co/8N80vJOa0L @YouTubeã•ã‚“ã‹ã‚‰
@jennnnnkat ; https://t.co/2vyWb0Yiej
@DJ_ET3RNAL ; Listen to Charlotte de Witte - Form by TECHcouch on #SoundCloud
https://t.co/1G1nShVHxo
@deecurlynug ; MontrÃ©al was dope as FUk, explored the city lit af, hit Northern Invasion, Igloo Fest to see Charlotte de witte anddd gramgreeneâ€™s show & met the man himself @GramGreeneCam https://t.co/jf7DT5pzMc
@joaoodlopes ; Curtia buÃ© de ouvir Charlotte de Witte mas ainda N vai ser desta
@dres8ares ; Charlotte de witte no lxm dia 14 ğŸ˜©
@mayang_island ; ã‚¿ã‚¤ã®æ¥æœˆã®ãƒ†ã‚¯ãƒã‚¤ãƒ™ãƒ³ãƒˆãƒ•ã‚§ã‚¹ã€DJã‚„å‡ºæ¼”è€…ãŒã¾ãŸã‚­ãƒ£ãƒ³ã‚»ãƒ«ãŒã§ã¦ã„ã¦ã€ã‚ã„ã‚“ã®Black Coffeeã•ã‚“ã§ã™ã‚‰ã€æ€ªã—ã’ã¨ã‹èã„ãŸã€‚åŒã˜æ—¥ã«ã‚·ãƒ³ã‚¬ãƒãƒ¼ãƒ«ã§ã®ãƒ–ãƒƒã‚­ãƒ³ã‚°ã‚‚å…¥ã£ã¦ãŸã—ã€‚

å»å¹´Charlotte de WitteãŒæ¥ã¦ã€ä¼šãˆãŸã®ã¯å¥‡è·¡
@DJHoneyO ; Charlotte de Witte thundering techno set in The Lab NYC https://t.co/1PTOXidZON via @YouTube
@inprogressradio ; Charlotte de Witte - Time (Original Mix)
@EzequielGuerraf ; Por favor Key te pido que me la traigas de nuevo

Charlotte de Witte thundering techno set in The Lab NYC https://t.co/c9mnUr6yz2 vÃ­a @YouTube
@DirencKavak_22 ; Charlotte de Witte - Time

https://t.co/T91F8IZkri
@IanSaurin ; Enamorado de Charlotte de Witte
@JasonGreen_ ; Charlotte de Witte thundering techno set in The Lab NYC https://t.co/WriWnnbnh2 via @YouTube
@nopodes ; Me gustÃ³ el video â€œMusic Video Chris Liebing & Charlotte de Witte "Liquid Slow"â€ de @ozzicarol en #Vimeo: https://t.co/WlrCq8WYAv
@Lame_Israel ; Such a great mix â¦@Monolocâ© ğŸ”¥ https://t.co/WzjHjzjPYJ
@pacharave ; Charlotte de Witte thundering techno set in The Lab NYC https://t.co/Hkw98ntmYM via @YouTube
@Streamlab_za ; Mixmag Charlotte de Witte thundering techno set in The Lab NYC https://t.co/dbXnjbcTej Via @Mixmag
@DubsterHQ ; Charlotte de Witte thundering techno set in The Lab NYC https://t.co/QnnQTFDiMA
@Mark_Williams97 ; Selling 2 charlotte de witte tickets swg3 28th feb, rts appreciated
@OwenWhite999 ; Charlotte De Witte unreal set at The Lab NYC
@PoorMamig ; Charlotte de Witte sana aÅŸÄ±ÄŸÄ±m
@ObirBatu ; https://t.co/zXHBfeylen ğŸ¤” e hadi inÅŸallah. Ä°stanbul'a geliyormuÅŸ iki gÃ¶zÃ¼mÃ¼n Ã§iÃ§eÄŸi. @CharlottedWitte
@SjoerdBoog ; 1 jaar geleden werd ik nu ongeveer wakker na een nachtje Charlotte de Witte in Maasylum. 

Poahhhhh.
@aimeescobie_ ; Anyone selling 2 Charlotte De Witte tickets for SWG3 on the 28th??
@tetRadio ; ÎšÎ±Î¹ DJ Shadow ÎºÎ±Î¹ Charlotte de Witte ÏƒÏ„Î¿ ADD Festival
https://t.co/gUo9oWXIFk  https://t.co/2j9jmW1NEM
@cokiviola ; Charlotte de Witte es el amor d mi vida dios q mujerrrr
@Kxvhin ; Ah demain Ã  la mÃªme heure jâ€™ai ma place pour Charlotte de Witte
@VixenteC6 ; dibujar con las sesiones de CHarlotte de Witte es top
@Rubenmsm25 ; Acho q ainda vou Ã¡ charlotte de witte sexta
@L_W_E ; Despite being considered relatively fresh on the scene, Charlotte de Witte has proven her skill in the studio and behind the decks. On February 29th she'll be joining the roster at Sphere 003. Here's her set from Awakenings 2019  to get you in the mood:

https://t.co/PL36xolVkA https://t.co/xGDPi372K2
@feuerengel74 ; Primer concierto: Rammstein
Ãšltimo concierto: Charlotte de Witte
Mejor concierto: Nine Inch Nails
Peor concierto: H.I.M.
Concierto mÃ¡s ruidoso: Prodigy
MÃ¡s veces visto: Rammstein
MÃ¡s sorprendente: CarbÃ³n Airways
PrÃ³ximo concierto: Chromatics
@DylanEdpt204 ; Charlotte de Witte destroyed her igloofest DJ set on Saturday ğŸ¤¯ #edpt204
@danielarrmoreir ; Acabaram de me convidar para ir sexta feira a Lisboa ver a Charlotte de witte, como Ã© que se recusa isto ? NÃ£o se recusa ğŸ¥´
@Bluevertu ; Charlotte de Witte presents KNTXT: Monoloc (08.02.2020) https://t.co/EcWAC35jxP via @YouTube
@vuicia ; SABATO Musica&Parole presenta CHARLOTTE DE WITTE @ CROMIE
La numero 1 della techno !!! https://t.co/MYxlxLnH3g
@b_a_m_z_i ; Indeciso se meto o loko e vou charlotte de witte pra dps sair dali e ir trabalhar e dps ir ao ginjal fungus funk e ir trabalhar again
@JMadrid96 ; @JuanDelOlmoFdez @PabloDickhouse Charlotte de Witte pa mi
@SalomnM ; Solomun â™› Nina Kraviz â™› Amelie Lens â™› Charlotte de Witte â™› [MRJ Mix] https://t.co/Ggqpxes56j vÃ­a @YouTube /.: Good Morning different followers on social networks is how important are they recognize their importance, always the best music!.
@_heart0ut ; Lonesome by Charlotte de Witte
https://t.co/zXfmcWuZag
@avopolismusic ; To ADD Festival 2020 Ï…Ï€ÏŒÏƒÏ‡ÎµÏ„Î±Î¹ ÎºÎ±Î¹ Ï†Î­Ï„Î¿Ï‚ Î½Î± Ï‡Î¿ÏÎ­ÏˆÎµÎ¹ Ï„Î·Î½ Î‘Î¸Î®Î½Î± Î¼Î­Ï‡ÏÎ¹ Ï„Î¿ Ï€ÏÏ‰Î¯, Ï†Î­ÏÎ½Î¿Î½Ï„Î±Ï‚ DJ Shadow ÎºÎ±Î¹ Charlotte De Witte.

Î”ÎµÎ¯Ï„Îµ ÏŒÎ»ÎµÏ‚ Ï„Î¹Ï‚ Ï€Î»Î·ÏÎ¿Ï†Î¿ÏÎ¯ÎµÏ‚ ÎºÎ±Î¹ Î¼Î¬Î¸ÎµÏ„Îµ Î³Î¹Î± Ï„Î± ÎµÎ¹ÏƒÎ¹Ï„Î®ÏÎ¹Î± https://t.co/2Ihr6yWOKA https://t.co/Fi4o2gdakz
@KNTXTmusic ; Re-listen to Monoloc's massive KNTXT Radio guest mix with his quintessential driving and lo-slung selection of tracks âš¡ï¸
https://t.co/NQOb1su526
@_heart0ut ; Brussels by Charlotte de Witte
https://t.co/d6OOduoYlp
@idkanyname42 ; Se me quiserem levar a algum sitio no dia 14 de Fevereiro nÃ£o se esqueÃ§am que a Charlotte de Witte vem a Lisboa
@BlogDespabilate ; Charlotte De Witte. Su Carrera como DJ
Charlotte De Witte NaciÃ³ el 21 de junio de 1992 en Evergem,Â BÃ©lgica.Â A https://t.co/iXOMa6jvam
@ercanamonra ; charlotte de witte marry me ğŸ’
@Aristurlte_vn ; Hoy he tardado 5 minutos en darme cuenta de que no estaba soÃ±ando y que por lo tanto hoy por la noche Lucas y yo no ibamos a un set de Charlotte de Witte
@_laproblematica ; Charlotte De Witte
Anetha
My Chemical Romance
Interpol
Lana del Rey 
Amelie Lens 

Bien alterno perra ese line up, sej https://t.co/Ix5Pe18n8n
@SofyNasciment0 ; Charlotte de Witte, sexta â˜‘ï¸
@kkarlashian ; artist questions edition   

1. Charlotte de witte 
2. Ramiro lopez 
3. Aitana
4. Ed sheraan
5. Ed sheraan
6. Dimitri vegas&like mike
7. Ed sheeran
9. Imagine dragons  
10.Yankee

reply with an emoji and i'll send you the questions!
@ssteffieeee ; Prydz at Print Works Friday. Richie Hawtin, Charlotte de Witte, and ANNA Saturday. We are RAVING raving in London ğŸ™ƒğŸ¤ª @_MichaelJustin @yn0htna
@Diogo_Silva7750 ; Levem-me a ver charlotte de witte dia 15 pls :(
@adricppaulo ; @daviamaroo Charlotte de Witte Ã© tÃ£o bommm, pena que nÃ£o a vÃ¡ ver dia 14ğŸ˜­
@sdtxavier ; Super soirÃ©e au Igloofest pour le show de Charlotte de Witte!
#igloofest #mtl #mtlnightlife @ Igloofest MontrÃ©al https://t.co/6uHWMrnBCx
@warehousenantes ; @elisha_ferns @CharlottedWitte Hi Ellie! :)
Don't worry, tickets go on sale tomorrow, February 11th at 8pm at this link: 
https://t.co/1aYHuQJ76Z
@mariadematos_ ; @calmatouconfusa Charlotte de witte ğŸ˜¡
@iamzeut_ ; Charlotte de Witte em Lisa no dia dos namorados ? vai surgir
@franciscotjr ; Charlotte de Witte estÃ¡ bien perris. ğŸ”¥ğŸ”¥ğŸ”¥
@Sunredes ; Charlotte De Witte
@DJ_ET3RNAL ; Listen to Chris Liebing & Charlotte de Witte - Liquid Slow (Original Mix) by KNTXT on #SoundCloud
https://t.co/yZ4oMMyt2j
@KikeDrcrazy13 ; Charlotte de Witte presents KNTXT: Charlotte de Witte (01.02.2020) https://t.co/MxxzjUGmDB vÃ­a @YouTube
@cgalazz_ss ; Charlotte de Witte
Red Velvet
IZ*ONE
SNSD
Taeyeon
Iggy Azalea
Ariana Grande
Nicki Minaj

(G)-IDLE
Adele
La Oreja de Van Gogh
Anitta
Zimmz

#voy https://t.co/qf8tJ47CDY
@sarozulk ; Doktor: Komutan senin hatunun adÄ± neydi?
Komutan: Charlotte De Witte...
Nerdeyim ulan ben nerde?!?!
@_charlotte_17_ ; @JMalik99 @melissamundie27 @ciarasmccann  @melissamundie27  coming back from fake char de witte in the back of that taxi ahahaha
@Smita_mzg ; hostia que va al summer Charlotte de witte y yo aquÃ­ tranquilita
@OscarArreyMusic ; Oliver Heldens (?) - Ookay
Sub Zero Project - Slushii
Charlotte de Witte - Coone 
Armin Van Buuren - Angemi 
Richie Hawtin - Ran-D 

Festival con dos escenarios y todo ğŸ’â€â™‚ï¸ https://t.co/d4z534j3hL
@hiroshimorohasi ; The Tunnel " Charlotte de Witte (DJ-set)"
https://t.co/LY6ycTvBeX
@CrisVanGuez25 ; Charlotte de Witte
Refuzion
Illenium
Swedish House Mafia
Tale Of Us
Ibranovski
Above & Beyond
Nicky Romero https://t.co/7zunY19QKW
@DFelpzz ; Vai ter charlotte de witte dia 14 to precisando d um aumento, esses role aparece dunadaaa
@liveset85 ; Charlotte de Witte presents KNTXT: Charlotte de Witte (01.02.2020) https://t.co/BMgKuB8sLH di @HearThisAt
@JudeFrankum ; Hereâ€™s an album for youâ€¦ Pressure EP by Charlotte de Witte
https://t.co/XxcLIke00U
@SalomnM ; Solomun â™› Nina Kraviz â™› Amelie Lens â™› Charlotte de Witte â™› [Vielka Selec... https://t.co/1dIUjHiNC3 vÃ­a @YouTube /.: Good Morning different followers on social networks is how important are they recognize their importance in life, always the best music!. #HappySunday
@HaniiSherif ; Listen to Charlotte de Witte presents KNTXT: IMOGEN (28.09.2019)
https://t.co/k4Zzr1peax
@zodijackyl_dt ; @Slyyweestr eÄŸer fazladan varsa ben de alabilirim.charlotte de witte bileti ile takas da yapabilirim
@Ni_Vieira_ ; @BeaMoreiraaa Dia 14 Charlotte De Witte
@kisacagok ; charlotte de witte sayesinde bu mÃ¼ziÄŸe birazcÄ±k Ä±sÄ±ndÄ±m
@fionaaelisabeth ; sorry, aber ich steh schon auf charlotte de witte
@jonnothewizard ; Just favorited "2018.02.10 - Essential Mix - Charlotte de Witte" by Essential Mix Collection on Mixcloud https://t.co/7dpmpRAoyv
@deistaa ; CanÄ±m festival Ã§ekiyor ama â€œTomorrowlandâ€ olanÄ±ndan ğŸ”¥ğŸ”¥

Charlotte de Witte (KNTXT Stage) | Tomorrowland Belgium 2019 - W1 https://t.co/WBZmhU1GUL @YouTube aracÄ±lÄ±ÄŸÄ±yla
@deistaa ; Charlotte de Witte sen alfasÄ±n.
@_tmln ; Ik ga heel goed op Charlotte de Witte op deze ochtend
@100_800Dz ; Make a festival lineup using the letters of your name

M: Martin Garrix
A: Alesso
U: Usher
R: Rita Ora
I: Inna
C: Charlotte de witte
I: Icona pop
O: Oasis https://t.co/frx0ZCKL0S
@Jonnrodriguez ; NEW YORK FASHION WEEK 2020
ğŸš¨CHARLOTTE DE WITTE ğŸ–¤ğŸ”¥ğŸ—½
Night 1 & 2 ğŸ’ªğŸ»ğŸ¶âœ¨con mi gente ! 
.
.
.
#charlottedewitte #nyfw2020 #48wattstreet #knockdowncenter #newyorkfashionweek #nightout #partypeople #techno #technomusicâ€¦ https://t.co/U9CfsDHeNu
@SebaGarcia9 ; Creo que estoy enamorado de Charlotte de Witte
@BlogDespabilate ; Charlotte De Witte. Su Carrera como DJ
Charlotte De Witte NaciÃ³ el 21 de junio de 1992 en Evergem,Â BÃ©lgica.Â A https://t.co/iXOMa6jvam
@db7seven ; ã‚·ãƒ£ãƒ¼ãƒ­ãƒƒãƒˆæ–°ä½œãŒç›¸å¤‰ã‚ã‚‰ãšæœ€é«˜â†’The Tunnel â€” Charlotte de Witte (DJ-set) https://t.co/m7U2pdl2MX @YouTubeã•ã‚“ã‹ã‚‰
@sabaimusic ; The Tunnel â€” Charlotte de Witte (DJ-set) https://t.co/OKaGd5FOLL via @YouTube
@ninahnsk ; charlotte de witte câ€™est une grosse basse ,des notes en boucles, et qq mots
@nxswr ; falta artbat e charlotte de witte na vida das pessoas
@QTxBB6128 ; Charlotte de Witte  Live Full Concert 2020 https://t.co/fJgWxEhR12 via @KremlinRussia_E
@makbastard ; Charlotte de Witte (KNTXT Stage) | Tomorrowland Belgium 2019 - W1 https://t.co/L1iFh9Cj1K via @YouTube
@DiameJones ; Cada vez que veo una foto de charlotte de witte parece que tiene el pelo sucio desde hace una semana
@ProfecyR ; #NowPlaying   #Charlotte de Witte on https://t.co/G7X4JReS5z Charlotte de Witte - Selected (Original Mix) https://t.co/MeIeao63EJ
@buaquepalo ; Amelie Lens y Charlotte de Witte son los amores de mi vida
@Bluevertu ; @CharlottedWitte MDR Sy Bell Princesse Europa George Charlotte de Witte Ailes de Laisser Courir tjs plus la Longe de nos Cols & 10 Cils en nos Filip Roth Ondes Court Centre Soleil de Zanzibar t'as piquÃ© mon Pull de mes 17ans dans mon Placard oublie surtout pas de me le rapporter SVP car J'y tiens
@santiitarte ; Escucha Charlotte de Witte at KNTXT Sportpaleis de Charlotte de Witte en #SoundCloud
https://t.co/6CUOdtmr8c
@Carmenchavess ; Charlotte de Witte
Amelie Lens 
RosalÃ­a 
Marco Carola 
Eenrico sangiuliano
Nina Kraviz https://t.co/aEdPD0bNbp
@shinxansen ; 3 saat boyunca Charlotte de witte live izlemek bence great event
@kendimbiralemim ; Charlotte de witte aÃ§tÄ±m dinliyorum sizin gÃ¶rÃ¼p benim gÃ¶remediÄŸim ne diyerek
@RicKDWorsT ; @TheSuricato_ claro q n, joga no google charlotte de witte, vou colocar no mesmo lugar q o dela
@WeAreCurrentNYC ; How was Charlotte De Witteâ€™s set yesterday at The Knockdown Center? https://t.co/6CoRTdfMrX
@ClementiRoberto ; Thanks Charlotte de Witte.
Last track at min 57: Roberto Clementi - Cesar's Assassin, out now on Soma Records.
@CharlottedWitte @SomaRecords @StudioBrussel  https://t.co/jCBV9uvkqz via @YouTube
@lostindonetsk ; Sven VÃ¤th Ğ¸ Charlotte De Witte - Ğ½Ğ¾Ñ€Ğ¼Ğ°Ğ»ÑŒĞ½Ñ‹Ğ¹ Ğ°Ğ¿Ñ€ĞµĞ»ÑŒ Ğ² ĞšĞ¸ĞµĞ²ĞµğŸ¤˜ğŸ»
@bruisednlethal ; câ€™est quoi le problÃ¨me Ã  charlotte de Witte
@Erzgebirgetama ; å»å¹´è¡Œã‘ãªã‹ã£ãŸã‹ã‚‰ä»Šå¹´Charlotte de witteæ¥æ—¥ã—ãŸã‚‰çµ¶å¯¾ãƒ©ã‚¤ãƒ–è¡ŒããŸã„
@clemence_dms ; Ah mais charlotte de witte ma vie .
@jonae7780 ; Quer dizer que para a semana vai ser baile com a Charlotte de Witte ğŸ•ºğŸ•ºğŸ•º
@MarcelSturza707 ; 1.Âª vez que a Charlotte de Witte veio a Portugal, as restantes vindas sÃ£o rÃ©plicas ğŸ¥³ https://t.co/iCjfxlTeb4
@ayiseco ; Time - Charlotte de Witte https://t.co/FWH70xvhQZ #NowPlaying
@Kxvhin ; HÃ¢te dâ€™avoir ma place pour Charlotte de Witte au Warehouse ğŸ˜
@abbieeallen ; Anyone selling a Charlotte de Witte ticket for 28th February in swg3?? X
@___nope____ ; LIL MIz Charlotte DE WITTE IS POPPING OFF LADIES. https://t.co/WBzBi8UQSm
@Skyhousemusic ; Charlotte de Witte in the Lab NYC @Mixmag https://t.co/cM7FjE3lfk
@___nope____ ; Already spiraling at the Charlotte De Witte rave https://t.co/fiM2YD3vNT
@ReneG1231 ; Rufus du Sol
Enrico Sangiuliano
Nina Kraviz
Eric Pyrdz 
Gaia
Amelie Lens
Rank 1
Charlotte de Witte
I hate models
Anna https://t.co/vkuAJO0cSO
@Jortiz523 ; @steadyboostin @tusiquiere @izzybewildin The polish god Fic to see a techno DJ Charlotte de witte
@_GHerrera ; CHARLOTTE DE WITTE WARMED UP #NYC  #MIXMAG
@valexncia ; so i skipped out on charlotte de witte tn https://t.co/nVoSrtaiPT
@Hefner_P ; @Javi_NYCTechno @Mixmag Lolol Charlotte de witte?
@let_nascc ; um lineup de festival com as letras do seu nome 

Lady Gaga 
Eminem
Tame Impala
Imagine dragons 
Charlotte de Witte
Iggy Azalea 
Amelie Lens https://t.co/wwxDvn74Cp
@AvenalLeo ; De hoje a uma semana, a esta mesma hora estou a partir chÃ£o na Charlotte Fucking de Witte ğŸ¤ªğŸ¤ªğŸ¤ªğŸ¤ª
@coolfelix ; charlotte de witte moving to knockdown center laterâ€¦.
@joaocvp ; The Tunnel â€” Charlotte de Witte (DJ-set) https://t.co/x6QcY348LB via @YouTube
@xavier_Krembel ; Je rÃªve dâ€™un gros featuring entre Charlotte de Witte et AmÃ©lie Lens
@ATP4 ; Charlotte de Witte at Ultra Miami 2019 (Carl Cox x Resistance Stage)

https://t.co/yPabDhxJcM
@BlogDespabilate ; Charlotte De Witte. Su Carrera como DJ
Charlotte De Witte NaciÃ³ el 21 de junio de 1992 en Evergem,Â BÃ©lgica.Â A https://t.co/iXOMa6jvam
@theravehub_ ; - @realAdamBeyer at his Cercle show in Lyon ğŸ‡«ğŸ‡· 

Track ID: Charlotte De Witte & Chris Liebing - Liquid Slow https://t.co/dMAnGUjuPQ
@ATP4 ; Charlotte de Witte presents KNTXT: Charlotte de Witte (01.02.2020)

https://t.co/Yo9IQe6vwv
@SalomnM ; Solomun â™› Nina Kraviz â™› Amelie Lens â™› Charlotte de Witte â™› [Ad Vance Dar... https://t.co/t2j1kFUVtP vÃ­a @YouTube /.: Good Afternoon different followers on social networks is how important are they recognize importance in life, always the best music! #HappyFridayDJs
@CaroTortorelli ; charlotte de witte cures depression
@Alyc10 ; Techno night in furyâ€™s the week after Charlotte De Witte? Oh if I must ğŸ¤ª
@_misstechno ; Me pongo feliz yo sola
Ya puse un set de charlotte the witte ğŸ¤©ğŸ–¤â¤
@Adorenads ; cant wait to fan people tonight at charlotte de witte ğŸ¥º @CharlottedWitte
@merodriguees ; Eu tÃ´ aqui acabando com o resto de audiÃ§Ã£o que me resta com o set da Charlotte de Witte
@chinoguer ; @Talia_AcaShore cuando te veremos en the tunnel junto a Charlotte de Witte y Amelie leens! https://t.co/rCHFbMP30N
@__kelsv ; Selling a single ticket for Charlotte de Witte tonight in Brooklyn lmk!
@ALiwshits ; Solomun â™› Nina Kraviz â™› Amelie Lens â™› Charlotte de Witte â™› [Ad Vance Dar... https://t.co/9yZqwZXAb0 Ñ Ğ¿Ğ¾Ğ¼Ğ¾Ñ‰ÑŒÑ @YouTube
@AndresPancake ; Adam Beyer
Nic Fanciulli
Deborah de Luca
Richie Hawtin
Eric Prydz
Solomun

Pan-Pot
Fatima Hajji
Amelie Lens
Nicolas Jaar
Nina Kraviz
Kassem Mosse
Umek
Charlotte de Witte
Honey Dijon
Enrico Sangiuliano
Nastia

Creo que irÃ­a demasiado. https://t.co/vYskiYuvSV
@hei__junior ; Que avacalho ğŸ’ğŸ•º
Hereâ€™s a song for youâ€¦ Trip - Cari Lekebusch Remix by Charlotte de Witte
https://t.co/atOtA9Lgwc
@L_W_E ; DJ, producer, live performer, and owner of the PlayDifferently brand. Richie Hawtin is techno royalty. Consistently headlining shows in Ibiza and around the world, fans can expect chunky techno sets from the Canadian. You can catch him alongside Charlotte de Witte at Sphere 003. https://t.co/luXfXq4N1Z
@OdysseyEPro ; #Tomorrowland Winter du 14 au 21 Mars 2020 avec :
Charlotte de Witte , Yves Deruyter , Joris Voorn , Stephan Bodzin ...
https://t.co/WdwczB4PnE
@inprogressradio ; - Charlotte de Witte presents KNTXT: Charlotte de Witte (01.02.2020)
@dudaamarantee ; PQP Ã‰ HOJE ENRICO SANGIULIANO E CHARLOTTE DE WITTE PQP VOU MORRER DE ANSIEDADE CHEGA LOGO AAAAAAA
@_missr0se ; charlotte de witte tonight! ğŸ˜
@studiookina ; ç´ æ™´ã‚‰ã—ã„ãƒ—ãƒ­ãƒ€ã‚¯ã‚·ãƒ§ãƒ³TIPSï¼

TALES OF USã®ã‚ˆã†ãªéŸ³æ¥½ã‚’ä¸€ç¬ã§å†ç¾ã€‚ä»Šè©±é¡Œã®ãƒ†ã‚¯ãƒDJã€ŒCHARLOTTE DE WITTEã€ã®æ¥½æ›²ã‚‚ãƒ¦ãƒ¼ãƒ¢ã‚¢ã‚ãµã‚Œã‚‹åˆ¥å‹•ç”»ã§å†ç¾ã•ã‚Œã¦ã„ã‚‹ã‚ˆã‚“ã€‚

How to Make Music Like TALE OF US https://t.co/o0ho87OlmG @YouTubeã‚ˆã‚Š
@MelchorOlivares ; The Tunnel â€” Charlotte de Witte (DJ-set) https://t.co/9O9tUjigGP via @YouTube
@ALiwshits ; Solomun â™› Nina Kraviz â™› Amelie Lens â™› Charlotte de Witte â™› [Carlos Marti... https://t.co/qvA7UeBuFu Ñ Ğ¿Ğ¾Ğ¼Ğ¾Ñ‰ÑŒÑ @YouTube
@sarufaromeo ; Just favorited "Charlotte de Witte - BBC Radio1s Residency - 03-Fe..." by TekTekTekkno on Mixcloud https://t.co/kxkVKp1ilb
@FreeLivesets ; Just favorited "Charlotte de Witte - BBC Radio1s Residency - 03-Fe..." by TekTekTekkno on Mixcloud https://t.co/6XhO7y7RUQ
@tribalmixes ; Just favorited "Charlotte de Witte - BBC Radio1s Residency - 03-Fe..." by TekTekTekkno on Mixcloud https://t.co/nvm4Pt5sIj
@catalyst_11 ; Hereâ€™s a song for youâ€¦ This - Lewis Fautzi Remix by Charlotte de Witte
https://t.co/KOhN4F0Uya
@catalyst_11 ; Hereâ€™s a song for youâ€¦ Heart of Mine - Original Mix by Charlotte de Witte
https://t.co/k4g4lrF0hj
@benjaminserban ; Charlotte de Witte - Remember - Drumcode - DC195
@OnurCnty ; @ErkekTerimleri Charlotte de Witte
@MarcosSchonfeld ; Charlotte de Witte at Ultra Miami 2019 (Carl Cox x Resistance Stage) https://t.co/C4p7pFbmxG vÃ­a @YouTube
@nerune55 ; Charlotte De Witte | Best Live Collection - Remastered [HD] https://t.co/pKx6rnHWPJ @YouTubeã‚ˆã‚Š
@StewardPlays ; Anyone going to see Charlotte De Witte tomorrow night?
@ashxxy ; tomorrow, i start my 6 week show streak! iâ€™m so excited to see:
- charlotte de witte
- wax motif 
- shaqâ€™s bass all stars
- baynk
- snakehips
- camelphat
- ekali 
- jauz

please send me all your energy LMAO
@SofiVelazquez_ ; QUE mujer Charlotte de WitteğŸ˜
@EDMLife ; Odysseyâ€™s 2020 24 Hour Ibiza Opening Party Lineup with Charlotte de Witte, KÃ¶lsch, Tale Of Us   More - https://t.co/EMv50BEfnF @hiibizaofficial #hiibiza #ibiza @kolschofficial #taleofus @TaleOfUs #kolsch https://t.co/Rr4ugdknXv
@A4CLEARFILEmemo ; RA 624 Charlotte de Witte https://t.co/Cdgd9GRHno @YouTubeã•ã‚“ã‹ã‚‰
@DJHATA_Dachambo ; Charlotte de Witteã¨Tronicã®Christian Smithã‚’ãƒ­ãƒƒã‚¯ã‚ªãƒ³âœ¨ğŸ”«â€¼ï¸
https://t.co/yRDT4X7KUI

CD HATA 202020 Techno mix
ğŸ“»ğŸ¼ğŸ“»ğŸ¼ğŸ“»

#mixcloud #Techno #DJ https://t.co/pNzVvUmqfi
@Er_Br41 ; @MiPatanFavorito Charlotte de Witte - Closer
@BlogDespabilate ; Charlotte De Witte
NaciÃ³ el 21 de junio de 1992 enÂ EvergemÂ ,Â BÃ©lgicaÂ .Â A la edad de 10 aÃ±os, era una gran https://t.co/iXOMa6jvam
@JuandavidAco ; Mis favoritos: 
Charlotte de Witte.
Paco Osuna.
Deborah De Luca.
Reinier on Acid.
Anna.  
Amelie Lens.
@amaaliarp ; Amelie Lens
Marika Rossa
Adam Beyer
La jodida diosa Charlotte de Witte
I hate models
A*S*Y*S https://t.co/w0y0uxJof3
@WalkerTxGinger ; @SWARMFaction Cradle of Filth, Children is Bodom, Dimmu Borgir, Scarlxrd, GHOSTEMANE, Chelsea Grin, Attila, Emmure, Nightwish, Ghost, Coal Chamber, Nazaar, Charlotte de Witte
@_heart0ut ; Time by Charlotte de Witte
https://t.co/fYmhtpTXK7
@valexncia ; Need someone to come w me for Charlotte de Witte
@Jarinhale ; Listen to Charlotte de Witte live at Time Warp Mannheim 2019 by Time Warp (official)  https://t.co/2qDM8ejzFJ
@findyoursounds ; Odyssey 24-hour Ibiza opening party with Charlotte de Witte, KÃ¶lsch, Tale Of Us andÂ more https://t.co/WWqYuh1RBk https://t.co/qTCv6AoMNW
@goncalojfcf ; Zatox, Carnage, D-Fence e Charlotte de Witte https://t.co/CidDJp0daA
@oceane_explores ; Donc pour la tempÃ©rature prÃ©vue pour le closing de lâ€™ #igloofest samedi soir câ€™est -30. Il porte bien son nom ce festival ğŸ¥¶

(Est-ce que je vais y aller quand mÃªme ? Absolument because Charlotte de Witte ğŸ˜ğŸ˜)
@WeAreCurrentNYC ; TOMORROW || Charlotte De Witte in Brooklyn, NY 

Discounted Tickets: https://t.co/NLTsKwFTOy
Ticket Giveaway: https://t.co/m5unoAQKHF https://t.co/VDB0KpbKbD
@Ing_Mhouse ; Y da la casualidad que fue el unico track que pude distinguir de Charlotte De Witte en su set. https://t.co/F2I06Sby2V
@Ing_Mhouse ; Y resulta pasa y acontece que buscando me entero que Charlotte De Witte es la pupila de Chris Liebing. Tanto asÃ­ que el primer EP que saca De Witte con el sello KNTXT es un duo con Liebing.
@HelmutEnnisch ; Vivir en NY es levantarte una maÃ±ana y que algÃºn amigo te diga para ir a ver a Charlotte de witte gratis un jueves. ğŸ¤¯ğŸ¤¯ https://t.co/HcAIzIBllb
@Ing_Mhouse ; Cuando escuche por primera vez a Charlotte De Witte en el Resistance, hubo un momento en el que dije: "si no supiera que es ella la que estÃ¡ mezclando, dirÃ­a que es Chris Liebing". Un Techno trancao, un tanto pesado y recontra chevere.
@FaqDeSivan ; El video en el que estoy bailando space raiders en la one de Charlotte de Witte, me da un cringe
@nahuefonseca ; Mi novia es igual a charlotte de witte. Lo dije
@Mixmag ; Tomorrow ğŸ‘Š

We've got former cover-star @CharlottedWitte in The #LabNYC for a @KNTXTmusic takeover.

https://t.co/MJnkUHXRzu
@overdosesi ; Carl Cox, Charlotte de Witte, Jeff Mills, ter drugi potrjeni za Awakenings 2020

https://t.co/lCdDswI9lm https://t.co/UFVosxf8XH
@cemilesalman ; Ã–lmeden gelcem yanÄ±na Charlotte de WitteğŸ’œğŸ‡ğŸ†âœ¨ https://t.co/3PSpB3DK2r
@Catzalonn ; Dia 14 charlotte de witte âœ”ï¸
@toookoooyooo ; æ¥æ—¥ãƒ„ã‚¢ãƒ¼ã¯çµ‚ã‚ã£ã¡ã‚ƒã£ãŸã‘ã©â€¦ğŸ•ºï¾ï½ªï½¸

ğŸ”—Nina Kravizã€Charlotte de Witteã«ç¶šãæ–°æ˜Ÿå¥³æ€§ãƒ†ã‚¯ãƒã‚¢ãƒ¼ãƒ†ã‚£ã‚¹ãƒˆAnfisa Letyagoã®åˆæ¥æ—¥ãŒæ±ºå®š! https://t.co/AVLnYchjqy #blockfm
@pepiiiite1 ; Charlotte de Witte pour mettre de bonne humeur avec ces trains de fdp qui fou la haine
@Mixmag ; .@CharlottedWitte brings @KNTXTmusic to The Shed at @avantgbk tomorrow night with @esangiuliano, @Monoloc and ONYVAA ğŸŒ

Will we be seeing you on the dancefloor? 

ğŸŸ Tickets: https://t.co/D74v8O708v https://t.co/Rw5EMbw7vr
@TMBBot ; Charlotte de Witte | The Radio 1 Residency 2020 Week 05 Part 2 | 2020-02-03 https://t.co/RdZBlYUqkB #TheResidency #Techno #Ambient
@jojodefeignant ; @TABAZNISSA ils vont annoncer charlotte de witte en tournÃ©e europeenne avce cercle jle sens mdr
@emilioramoslam7 ; Jones & Stephenson - The First Rebirth (Charlotte de Witte Rework) https://t.co/zI1Htx6U3p vÃ­a @YouTube
@DJLibertyXFact ; 24-hour opening party with Charlotte de Witte, Tale of Us, Maceo Plex, more, announced for HÃ¯ Ibiza and UshuaÃ¯a: The party takes place in May https://t.co/WHwpeE22En https://t.co/zf70CdtEaA
@everycai ; charlotte de witte ana sahneyi sold out yapabilecekken kÃ¼Ã§Ã¼cÃ¼k zorlu studioâ€™ya getirmiÅŸlerdi geÃ§en sefer. ÅŸimdi de Ã§arÅŸamba gÃ¼nÃ¼ne event koymuÅŸlar lol. bu kadÄ±nla derdiniz nedir ya adam akÄ±llÄ± Ã§alsÄ±n bi cuma cumartesi tÃ¶be tÃ¶be
@IanOrrNYC ; List for tonight's Imagista x NYFW event with Charlotte de Witte closes @ 4pm
Contact me for list access.
Doors open 11pm. https://t.co/8CnE7t2cAU
@CatiEnevoldsen ; Charlotte de Witte
Amelie Lens
T78
Adam Beyer
Lily Palmer
Ingrosso Sebastian
Nina Kraviz 
ANNA

Bue fieston https://t.co/Ht9rm3DeGa
@NachoSalinas99 ; The Tunnel â€” Charlotte de Witte (DJ-set) https://t.co/ice0TeiJvq vÃ­a @YouTube que mujer
@nicolebrooon ; Frazier n Charlotte de witte this month send itğŸ’ƒğŸ½ğŸ’ƒğŸ½ğŸ’ƒğŸ½ğŸ’ƒğŸ½
@IanOrrNYC ; So apparently this Charlotte de Witte NYFW party tonight is in what was a bank of america turned into an event space. Twirl confirmed.
ğŸŒªâœ”
@lukegarford9 ; @Paddywall1212 Camelphat charlotte de witte bibi b2b2b
@manadavodka ; Ajudem-me a convencer o Daniel para ir dia 14 ver Charlotte de Witte ğŸ˜¢
@ninhopoo ; JÃ¡ ouviu â€˜CHARLOTTE DE WITTE - THE HEALER EP [NOVAMUTE]â€™ de @charlottedwitte na #SoundCloud? #np https://t.co/kSfg9fJLGL
@Viiancax3 ; Someone be a gem and hook ya girl up with Charlotte De Witte tickets ğŸ–¤
@EAltnkalp ; Magic Break yerine Deborah De Luca arkasÄ±ndan Charlotte De Witte tercih edildiii
@sprad3s ; I just saw the charlotte de witte mixmag email now and RSVPs are closed already ha ha ha I hope I die
@charlieanthony_ ; Charlotte de Witte
He$h 
ATliens
Riot Ten
Lucii
I_o
Excision https://t.co/sFOPpiP7ZX
@mmmmm11111hhhh1 ; æ˜æ—¥ãƒãƒ¼ãƒ‰ãƒ€ãƒ¼ã‚¯ãƒ†ã‚¯ãƒã‚„ã‚‹ã“ã¨ã«ãªã£ãŸï¼ã¨ã‚Šã¾æ›²æ¢ã—ä¸­ï¼ã€€ãƒ€ãƒ¼ã‚¯ãƒ†ã‚¯ãƒä¹…ã—ã¶ã‚Šã€€Charlotte de Witte - Time (Original Mix) https://t.co/KdLJgFhuZu via @YouTube
@jkbockstael ; #nowplaying Charlotte de Witte presents KNTXT: Charlotte de Witte (01.02.2020) // https://t.co/AcF4s7XpAW // techno // Belgium // 2020
@ProtoneMx ; Charlotte de Witte in the Lab NYC https://t.co/uIJU0MRNLe https://t.co/HSzexlYNlL
@CarloJannetta ; Charlotte de witte
AJ tracey 
R3HAB
Lucas & Steve
Offset https://t.co/op7clnbCXS
@rebeccabullxch ; selling 1 ticket for charlotte de witte 28th of feb at swg3 if anyone is interested ğŸ‘½ğŸ‘½ğŸ‘½
@hei__junior ; SÃ³ falta uma semana .... ğŸ•ºğŸ¤ª
@CharlottedWitte
Hereâ€™s a song for youâ€¦ Space Raiders - Charlotte de Witte Remix by Eats Everything
https://t.co/3wmkMKYwze
@nurlan_kolya ; yÄ±llardÄ±r techno dinlediÄŸimde bu ne amk bunu nasÄ±l dinliyorsun diyen erkek arkadaÅŸlar ÅŸimdi malum videodan sonra Charlotte De Witte etkinliÄŸine bilet alÄ±yor ahsjdjs TÃ¼rk erkeÄŸine amâ€™Ä±n varlÄ±ÄŸÄ±nÄ± hissettir sonra otur izle :d
@honeylands ; Charlotte de Witte in the Lab NYC https://t.co/GTXWULWDX3
@Bluevertu ; Charlotte de Witte presents KNTXT: Ramon Tapia (18.01.2020) https://t.co/UxXD5euodJ via @YouTube
@Bluevertu ; @CharlottedWitte Spartacus 1 Deux Troie Soleil est Open Lord Now ma Sy Bell Princesse Europa George Charlotte de Witte pour Laisser Courir Tjs + la Longe de nos Cols & 10 Cils en Nos Filip Roth Ondes Court Centre Soleil du Bowling & du CinÃ©ma du Quai Achille Lignon des Muses Ã  RÃ¨gnes Dante Ain 78
@bambi_cu ; Que alguien me consiga el whatsapp de charlotte de witte que quiero invitarla a una cita y a mi cumpleaÃ±s ğŸ’˜
@ChevillardHeber ; Carl Cox 
James zabiela 
Cuartero b2b Wade  
Jamie Jones b2b loco dice 
Charlotte de witte 
Boris brejcha https://t.co/abmYPoavon
@MiaaCandia ; Marco Carola
Illusionize 
Amelie Lens 

Charlotte de Witte
Adriatique 
Nina Kraviz
Deborah de Luca 
Italobros 
Adam Beyer https://t.co/MGk68Y2jmx
@FranciscDiambri ; Fidel Nadal
Red Hot Chili Peppers
Amelie Lens
Nick Warren
Charly Garcia
Indio Solari
Snoop Dogg
Charlotte de Witte
Ozzy Osbourne https://t.co/TnYF4O6IrF
@___nope____ ; @petitetaint and I will be screaming universal healthcare and student debt forgiveness at the Charlotte De Witte rave. 

Thank you in advance for attending our Bernie Sanders rally.
@negrofm_ ; @Ramsssse_ charlotte de witte official
@SecretGuestNYC ; Join the finest #NYFW Parties featuring Tale of Us, Guy Gerber, Charlotte de Witte, Moodymann, Acid Puli, Nic Fanciulli, Marco Carola, and more!   
-> Discounts within: https://t.co/mQH6iqYj8M
-
- https://t.co/5odB2Tvwjq
@grindboyx ; @ErinShoupp Alan Fitzpatrick Carl Cox Charlotte De Witte Nicole Moudaber Nina Kraviz
@cumbiaketa ; si charlotte de witte no deja de subir fotos con esa cara de falopera le voy a mandar una carta documento diciendo que la amo porque estarÃ­a necesitando que me noticee
@Migueel_Rafaeel ; The Tunnel â€” Charlotte de Witte (DJ-set) https://t.co/r6jZxEd0A4 via @YouTube
@VickyGuerreroOk ; Victor Ruiz
ItaloBros
Charlotte de Witte
Technasia
Obando
Richie Hawtin
Iglesias
Adam Beyer https://t.co/hBQgZ5cmtb
@graciaspatron5 ; Charlotte de witte napÄ±yor acaba ÅŸu an
@antonionalesso1 ; SÃ³ queria casar com a Charlotte de witte
@charmcwilliamsx ; Charlotte De Witte 
Hot since 82
Amelie Lens
Rebuke 
Len Faki
I Hate Models
Eric Prydz https://t.co/TBb52WZ1O1
@IanOrrNYC ; Happy to share ill be hosting a table @ tomorrows imagista NYFW event with Charlotte de Witte. Doors open 11pm. DM for list consideration. https://t.co/mafxIZUXLI
@Streamlab_za ; Mixmag Charlotte de Witte in the Lab NYC: The worldwide sensation makes her return to the Lab NYC Continue reading... https://t.co/H79cOEGyeL Via @Mixmag https://t.co/8lXt5H6oi7
@inprogressradio ; Chris Liebing, Charlotte de Witte - Liquid Slow (Original Mix)
@JereNicola1 ; Charlotte de Witte no es de este planeta https://t.co/Q6KpjiuxnX
@Mixmag ; Brooklyn!

@CharlottedWitte is bringing @KNTXTmusic across the Atlantic for the very first time THIS FRIDAY at The Shed at @avantgbk ğŸ”¥

ğŸŸ Tickets: https://t.co/D74v8O708v https://t.co/nXy5xrImei
@MussicTrippy ; #music #techno #darktechno #undergroundtechno #rave #raving #rave #ravenation #staytrippy #trippy #charlottedewitte #kntxt #radio #radioshow 
Charlotte de Witte presents KNTXT:Charlotte de Witte 
Video:https://t.co/0tbRihF75t https://t.co/KqjbXvURs6
@OFTLOHpr ; #MixmagNews Charlotte de Witte in the Lab NYC https://t.co/sqtNfLqfMk
@BlackDesignOut ; Listen to Charlotte de Witte at Awakenings Festival 2019 (Area V) by Charlotte de Witte on #SoundCloud
https://t.co/H5ERJDGzPm
@GeorgiaWood_x ; @LeonWellings Latmun b2b Charlotte De Witte
@oquetumaisamas ; Defina seu gosto em 17 artistas: 
Travis scoo
Snoop Dogg 
Biggie
2pac
Bob Marley 
Damien Marley 
Eminem 
Jackboys 
Charlotte de witte 
Carl cox
Ice cube 
Pitbull 
Asap
MarÃ­lia MendonÃ§a 
Richie Campbell 
Dr dre
Yuri nr5 https://t.co/aJR5W9XucU
@HackedMonkey ; @notch Charlotte De Witte
@ericasf00 ; Defina seu gosto em 17 artistas: 
J. Cole
6lack 
Drake 
Jaden 
A Boogie Wit da Hoodie
Deborah de Luca
Amelie Lens 
Asap Rocky
Lil Skies
Travis Scott 
MatuÃª
Monsta 
Edgar Domingos
Migos 
Gunna 
Big Sean 
Charlotte de Witte https://t.co/vDz8Xn8ojI
@okjxjo ; Charlotte de Witte and Lane 8 are gonna be at space during my Colorado trip... I guess you rEALLY canâ€™t win em allğŸ˜”
@MrAfterarty ; Charlotte De Witte at @Awakenings Eindhoven ğŸ¤©ğŸš€ https://t.co/eR4nJ77nbw
@WeRaveTechno ; Charlotte de Witte ğŸ˜ https://t.co/VGXIcJuNrc
@JM__1312 ; Escuchar a Charlotte de Witte es como correrte sin hacerte una paja
@fazatuamano ; @lauraa_04_  Charlotte de Witte- space riders
@mayengo_samuel ; Non mais Charlotte De Witte au Warehouse!! ğŸ”¥ğŸ”¥
@nikitawilliaams ; let it sink in that ill be seeing charlotte de witte and i hate models soon!!!
@Guibrsb ; Charlotte de Witte https://t.co/uVDw7SrCaP
@WantsMarina ; 18. PRIS - Corruption // Empathy Corp 2019
19. THE MOVER - Nightflight (Nonstop To Kaos) // Forbidden Planet 2014
20. REGAL - LÂ´EternitÃ© (CHARLOTTE DE WITTE remix) //  Suara 2018
@diluidoenagua ; @gneccodaniela Charlotte de Witte me pone a bailar donde sea
@obernas98 ; Defina seu gosto em 17 artistas :
Arty
Audien
Amelie Lens
Nicky Romero
Afrojack
Dubvision
Charlotte de Witte
Kygo
KHSMR
Rezz
Alison Wonderland
Cray 
Osrin
Alesso
Jack Back
Matisse & Sadko
Martin Garrix https://t.co/gQhsxUJjrf
@CharlottedWitte ; Warehouse Nantes ğŸ‘‹ğŸ¼ğŸ‘ŠğŸ¼ https://t.co/BafIDhscgr https://t.co/qn3JppoyHg
@overdosesi ; Sonus zopet dokazal zakaj nima konkurence! Predstavljamo vam prvih 44 svetovnih imen, ki bodo nastopili v avgustu na otoku Pag

Dixon, Fisher, Amelie Lens, Charlotte de Witte, Fisher, Richie Hawtin, Seth Troxler, Joseph Capriati, Boris Brejcha, Maceo Plex

https://t.co/LHZletuWbl https://t.co/WIdOCfkCov
@KadoAld ; Harbi allah nasÄ±l eÄŸleneceÄŸimizi bildiÄŸi iÃ§in parayÄ± buldurmuyor aq :( Nisanda Charlotte de Witte ile Backstageâ€™de viski iÃ§iyo olmam gerek ama bilin bakalÄ±m ne eksik ? 1000 lira
@LndrnG ; Charlotte De Witte au Warehouse badaboooomğŸ˜
@gneccodaniela ; Charlotte de witte me pone a bailar en el gimnasio
@gregorpolson93 ; Charlotte De Witte is the one, I yearn to see her live this summer
@bohdi_young ; Charlotte de witte ticket aquired, show me your fanny you stupid wee mongo
@jesstrance_ ; Iâ€™m obsessed with Charlotte de Witteâ€™s sound! I saw her live, but i was blacked out ğŸ˜“ i hate that for me!
@thiagoporongaba ; @meedeirossss @Good100se @Angelagion_ Eles que jÃ¡ vÃ£o tocar + Sirus hood, pawsa, Michael bibi, Charlotte de witte, Anna, artbat, latmun, d-nox.... quer q eu continue?
@Idontlivhere ; @brandon__tran Afrojack 
Charlotte de Witte 
Odeza 
Skrillex
Timmy Trumpet 
Adam Beyer 

Griz
I_o
Loud Luxu
Bassnectar 
ETC!ETC!
RÃ¼fÃ¼s Du Sol
Tchami
@EderCansi ; Um line up de festival com as letras do seu nome

Stage 1

Ellen Alien
Dax J
Enrico Sangiuliano
Reinier Zonneveld

Stage 2

Charlotte De Witte
Amelie Lens
Nebel
Sam Paganini
Ida Engberg https://t.co/IspqEpFGiU
@emmashevlin_ ; anyone selling 2 Charlotte de witte tickets for the 28th at swg3?
@bazarov96 ; Charlotte de Witte - live bij Studio Brussel op Rock Werchter 
https://t.co/eprMk4Iv4e
@crowbar1942 ; Charlotte de Witteç„¡é™ã«èããªãŒã‚‰æ®‹æ¥­ã—ã¦ãŸã‚‰ã“ã‚“ãªæ™‚é–“ã«ãªã¡ã‚ƒãŸã‚
@brooklynbuff ; Charlotte de Witte | Tomorrowland Belgium 2019 - W2 https://t.co/tf7sLZm79d via @YouTube
@plutanatriste ; CHARLOTTE DE WITTE O MEU CU Ã‰ SEU https://t.co/T6nAYTx8Ix
@spacedude_v2 ; I'm happy I found Charlotte de Witte, I keep diving deeper into Techno and I love it more everyday
@EdwinCogoARQ ; Eric Prydz 
Deborah de Luca 
Witte Charlotte de 
Indecent Noise
No te va gustar https://t.co/bwtSKHDQAm
@Arthur__Bg ; Charlotte de witte Technonun sibelcanÄ±dÄ±r
@LENNOX200 ; @Audbod666 @notoriousVEE_IG @minihedgesxD @laneycakes12 @_hedges @LornaEliza Iâ€™m going to Charlotte de witte and the end of this month in SWG3,, if that helps.
@disco_festival ; Charlotte de Witte Audiodrome Live club Moncalieri Torino il 13 03Â 2020 https://t.co/KapnkgG2VO https://t.co/gf88FHYwQk
@ucc57 ; Charlotte de Witte remember
@tompipps ; (5) Charlotte de Witte @ La Rotonde Stalingrad for Cercle - YouTube
https://t.co/sjhIYXDIcH
@BlogDespabilate ; Charlotte De Witte
NaciÃ³ el 21 de junio de 1992 enÂ EvergemÂ ,Â BÃ©lgicaÂ .Â A la edad de 10 aÃ±os, era una gran https://t.co/iXOMa6jvam
@chico2110 ; Define o teu gosto em 17 artistas:
Bring me the horizon
Linkin Park
Slipknot
Tokio hotel
Pantera
Papa roach 
From ashes to knew
System of a down 
Amelie lens 
Charlotte de Witte
Fisher
Sam Paganini 
Timmy Trumpet
Carnage
Vini vici
Hilight tribe
Armin van Buuren https://t.co/SUM2ceiwPd
@joshu_tree ; I completely do not understand those people who claim that the fans of this lady and the festival community are just drugs, etc.
I remember this set..ğŸ’
Charlotte De Witte at Pukkelpop 2018  https://t.co/gEvQM0JV26 https://t.co/tVCbQlAVHR
@terantinoo ; ä»Šæœˆã®ã‚¹ã‚¿ã‚¸ã‚ªãƒ–ãƒªãƒ¥ãƒƒã‚»ãƒ«ã®ã‚·ãƒ£ãƒ¼ãƒ­ãƒƒãƒˆã¯ç‰¹ã«è‰¯ã„ï¼ï¼
"The Tunnel â€” Charlotte de Witte (DJ-set)"  https://t.co/QcignGPmNe
@Bluevertu ; @CharlottedWitte Hello de LU & des Petits Princes Granola avec Sy Bell Princesse Europa George Charlotte de Witte pour Laisser Courir toujours + la Longe de nos Cols & 10 Cils en nos Filip Roth Ondes Court Centre Soleil de Zanzibar & Val ParaÃ®t Zoo sans passer par les Transes Bordant le Transe
@Bluevertu ; Charlotte de Witte (DJ-set)in The Tunnel [31/1/2020] https://t.co/pujh3d3lR1 via @YouTube
@LPaglieri ; Charlotte de witte pedazo d hembra
@Jdawge99eternal ; Charlotte de Witte @ Time Warp 2019 â€“ ARTE Concert https://t.co/edcXZZoymF via @YouTube @CrystalMountain @freep @MLive @ApplePodcasts @TMLwinter @TMLRadio @TomorrowlandATL @tomorrowland @MLiveDetroit @technomilitia @Twitter
@dansudahlah ; Pengen banget keramasin rambutnya Charlotte de witte
@TECHNIQUE_TOKYO ; å¤§ç®±å¯¾å¿œã®ã‚¢ã‚·ãƒƒãƒ‰ãƒ»ãƒ†ã‚¯ãƒ
CHARLOTTE DE WITTE - PRESSURE EP   [Kntxt]
https://t.co/2a6UDj2BVQ
Charlotte De WitteãŒã€æ–°ãŸãªã‚‹ãƒ¬ãƒ¼ãƒ™ãƒ«KNTXTã‚’ã‚¹ã‚¿ãƒ¼ãƒˆã—ã¦ã‚µãƒ¼ãƒ‰ãƒ»ã‚·ãƒ³ã‚°ãƒ«ã‚’ãƒ‰ãƒ­ãƒƒãƒ—ï¼ç…Œã³ã‚„ã‹ãªãƒªãƒ•ã‚„ã‚¢ã‚·ãƒƒãƒ‰ã‚·ãƒ³ã‚»ã§æ·¡ã€…ã¨æ”»ã‚ã¦ã„ããƒ•ã‚¡ãƒ³ã‚­ãƒ¼ãƒ»ãƒ†ã‚¯ãƒï¼ https://t.co/aQ1lx1zA15
@ChardoubleU ; All Hail to our National Anthem ! https://t.co/sloTZxUsMi
@LucasGaaiva ; Um lineup de festval com as letras do seu nome

Luciano
Umek 
Charlotte de Witte
Anthony Rother
Sven VÃ¤th https://t.co/rmVQZDZxGY
@guhjung ; Pq o som da Charlotte de Witte Ã© tÃ£o bommm ??
@LulaSalinas69 ; @sebadopazo Lilly Palmer, Charlotte de Witte, Bibi, Craneo y Lasser
@BrunoCondon ; Para cuando me muera espero que Charlotte de Witte ya ande haciendo sonar el cielo o el infierno, a donde la manden yo voy https://t.co/LovJN8jpgs
@langerrover1 ; Vintage culture
Illusionize 
Nina kravis 
Infected mushroom 
Charlotte de witte
Insector 
Undercover
Solomun

Liu 
Anna
Neelix 
Gabe
Elon â€œEDMâ€ musk 
RebÅ«ke https://t.co/27LFXEUiq0
@frescovega ; Just favorited "Charlotte de Witte - KNTXT On Air 064 Guestmix Ram..." by TekTekTekkno on Mixcloud https://t.co/I7G3OWTU6m
@xolivierx59 ; Presse d Ãªtre le 14 pour voir bae charlotte de witte
@Because_Im_Lipi ; Centro de congressos de Lisboa 
Eu, tu + o resto do pessoal 
Charlotte de witte a tocar https://t.co/47nWICuOtC
@MessyYid ; The Tunnel â€” Charlotte de Witte (DJ-set) https://t.co/sQYMAPnMvX via @YouTube
@Lara_Craven99 ; Deborah de Luca Friday, Glasgow for Christieâ€™s 21st Saturday, Amsterdam & Budapest next weekend & charlotte de witte end of the month ğŸ¤©
@nicole_nobrega3 ; Lil Peep
$uicideboy$
Dillaz
Slow J
ProfJam
Bispo
Lon3r johny
Zara G
Wet bed gang 
Eminem
Chase Atlantic
Travis Scott
6Lack
Post Malone
Charlotte de Witte
Ann clue 
Boris Brejcha 
Lil skies https://t.co/6X7QDkWCpu
@Dmitrii19530624 ; The Tunnel â€” Charlotte de Witte (DJ-set) https://t.co/GjOTQEcDFc via @YouTube
@BlogDespabilate ; Charlotte De Witte
NaciÃ³ el 21 de junio de 1992 enÂ EvergemÂ ,Â BÃ©lgicaÂ .Â A la edad de 10 aÃ±os, era una gran https://t.co/iXOMa6jvam
@killmeplsbruh ; Dia 14 Charlotte de witte atÃ© morrer
@conPdePABLO ; AquÃ­ va una canciÃ³n para tiâ€¦ Space Raiders - Charlotte de Witte Remix de Eats Everything
https://t.co/yoISiArM5A
@juliosincable ; Charlotte de Witte Epic Techno Set Live From #DJMagHQ https://t.co/KONIJrPbas vÃ­a @YouTube
@coyumusic ; The first volume of my new serie of releases â€œPost Raw Eraâ€ is out now on @SuaraMusic! Big support by many techno artists including Amelie Lens and Charlotte de Witte https://t.co/imIOM3amKj
@SalomnM ; Charlotte de Witte | Tomorrowland Belgium 2019 - W2 https://t.co/f586wL5ub3 vÃ­a @YouTube /.: Good Afternoon different followers on social networks is how important are they recognize their importance in life, always the best music!. Belgian DJ for the world...
@selleaux ; The Tunnel â€” Charlotte de Witte (DJ-set) https://t.co/qY0Tq5qfKu a travÃ©s de @YouTube #BruselaYEstanteria
@Taylantok ; Martta Maceo Plex, nisanda Charlotte De Witte. AÄŸlayacaÄŸÄ±m sanÄ±rÄ±m.
@Lizzethgarza1 ; Babe â˜ ï¸â˜ ï¸â˜ ï¸ğŸ–¤ğŸ–¤ Charlotte de Witte (KNTXT Stage) | Tomorrowland Belgium 2019 - W1 https://t.co/X7rh07Dw1x via @YouTube
@eliaselizondo65 ; charlotte de witte
@_heart0ut ; @_CHORAGORA_ assim estavas convidada para vir festejar o meu aniversÃ¡rio em lx. Vou a uma festinha com Charlotte de Witte
@CharlottedWitte ; Napoli ğŸ˜ğŸ¤™ğŸ¼ https://t.co/w0Wu6XyJ3j https://t.co/lr6LCF8UQg
@Javiere_r ; @TioEmpire Ya es hora perrosğŸ˜” solo dÃ­ganme que lo de Charlotte the Witte es cierto ğŸ¥º
@DATABOYapp ; Alguien con ganas de ver a Charlotte de Witte?ğŸ™‹ğŸ»â€â™‚ï¸
ğŸµ: Dast - Glorious
ğŸ§: @charlottedewittemusic
#charlottedewitte #techno #awakenings #DATABOY https